resnum,residue,volume,trp_delta,risk,known
60,GLY,60,167,HIGH,
61,GLN,143,84,MED,
62,GLU,138,89,MED,
63,GLU,138,89,MED,
64,TYR,193,34,LOW,
65,SER,89,138,HIGH,
66,ALA,88,139,HIGH,
67,MET,162,65,MED,
68,ARG,173,54,MED,R68S
69,ASP,111,116,HIGH,
70,GLN,143,84,MED,
71,TYR,193,34,LOW,
72,MET,162,65,MED,
73,ARG,173,54,MED,
74,THR,116,111,HIGH,
75,GLY,60,167,HIGH,
76,GLU,138,89,MED,
77,GLY,60,167,HIGH,
78,PHE,189,38,LOW,
79,LEU,166,61,MED,
80,LEU,166,61,MED,
81,VAL,140,87,MED,
82,PHE,189,38,LOW,
83,ALA,88,139,HIGH,
84,ILE,166,61,MED,
85,ASN,114,113,HIGH,
86,ASN,114,113,HIGH,
87,THR,116,111,HIGH,
88,LYS,168,59,MED,
89,SER,89,138,HIGH,
90,PHE,189,38,LOW,
91,GLU,138,89,MED,
92,ASP,111,116,HIGH,
93,ILE,166,61,MED,
94,HIS,153,74,MED,
95,HIS,153,74,MED,
96,TYR,193,34,LOW,Y96D
97,ARG,173,54,MED,
98,GLU,138,89,MED,
99,GLN,143,84,MED,Q99L
